{
  "version": "1.0.0",
  "platformVersion": "7.1.0",
  "authentication": {
    "type": "basic",
    "fields": [
      {
        "key": "subdomain",
        "type": "string",
        "required": true
      }
    ],
    "test": {
      "url": "https://backlogminer.com/users.json"
    },
    "connectionLabel": "{{bundle.authData.subdomain}}"
  },
  "beforeRequest": [],
  "afterResponse": [],
  "resources": {},
  "triggers": {
    "request": {
      "key": "request",
      "noun": "Request",
      "display": {
        "label": "Get Request",
        "description": "Trigger when a new request is added."
      },
      "operation": {
        "perform": "$func$2$f$",
        "sample": {
          "id": 1,
          "created_At": 1472069465,
          "subject": "We need Zapier integration!!",
          "description": "It is easy to do. Just check out their documentation",
          "requestcategoryname": "New Feature"
        }
      }
    },
    "bundle": {
      "key": "bundle",
      "noun": "Bundle",
      "display": {
        "label": "Get Bundle",
        "description": "Trigger when a new bundle is added."
      },
      "operation": {
        "perform": "$func$2$f$",
        "sample": {
          "id": 1,
          "created_At": 1472069465,
          "bundlename": "zapier, jira, hubspot, salesforce, integration",
          "active": "true"
        }
      }
    },
    "project": {
      "key": "project",
      "noun": "Project",
      "display": {
        "label": "Get Project",
        "description": "Trigger when a new project is added."
      },
      "operation": {
        "perform": "$func$2$f$",
        "sample": {
          "id": 1,
          "created_At": 1472069465,
          "bundlename": "Complete Zapier Integration",
          "archived": "false"
        }
      }
    }
  },
  "searches": {},
  "creates": {},
  "searchOrCreates": {}
}